{"initial_reset_timestamp": 1595455153.97333, "timestamps": [1595455162.4316301], "episode_lengths": [200], "episode_rewards": [200.0], "episode_types": ["t"]}